{
  "B1_cosine_only": {
    "c_acc": 0.34253928578745724,
    "c_ppl": 13.092170982214455,
    "c_best_tr": 0.26593585058871294,
    "r_acc": 0.15776476110782292,
    "r_ppl": 26.096523122498283,
    "delta": 0.18477452467963432,
    "c_time": 32.461015939712524,
    "r_time": 9.844419479370117
  }
}