{
  "alignment": {
    "layer_0": {
      "layer": 0,
      "M": 256,
      "num_tokens": 204800,
      "c_rayleigh_R": 0.056072384119033813,
      "c_rayleigh_Z": 0.8048927187919617,
      "c_rayleigh_p": 0.44755658507347107,
      "h_rayleigh_R_mean": 0.4751746295223711,
      "h_rayleigh_R_std": 0.21779235738316013,
      "h_rayleigh_R_min": 0.04504388943314552,
      "h_rayleigh_R_max": 0.977636992931366,
      "delta_rayleigh_R": 0.7737786661385725,
      "delta_rayleigh_Z": 153.27575658782425,
      "delta_rayleigh_p": 6.160380170903314e-65,
      "delta_circular_mean": -3.0772832484689197,
      "delta_circular_std": 0.7161974690661039,
      "alignment_cos_mean": -0.7721791558487894,
      "alignment_cos_std": 0.32227741547992167,
      "alignment_cos_median": -0.8879106640815735,
      "frac_aligned": 0.0390625
    },
    "layer_1": {
      "layer": 1,
      "M": 256,
      "num_tokens": 204800,
      "c_rayleigh_R": 0.06357244402170181,
      "c_rayleigh_Z": 1.0346126556396484,
      "c_rayleigh_p": 0.3557114005088806,
      "h_rayleigh_R_mean": 0.45611273584654555,
      "h_rayleigh_R_std": 0.18873372167635308,
      "h_rayleigh_R_min": 0.026781965047121048,
      "h_rayleigh_R_max": 0.8801130652427673,
      "delta_rayleigh_R": 0.7151431196605758,
      "delta_rayleigh_Z": 130.92599848905232,
      "delta_rayleigh_p": 1.5956320865024561e-55,
      "delta_circular_mean": -2.988208595040706,
      "delta_circular_std": 0.8188682298898807,
      "alignment_cos_mean": -0.7067471282089173,
      "alignment_cos_std": 0.3806872018486464,
      "alignment_cos_median": -0.8464191257953644,
      "frac_aligned": 0.0625
    },
    "layer_2": {
      "layer": 2,
      "M": 256,
      "num_tokens": 204800,
      "c_rayleigh_R": 0.11615978926420212,
      "c_rayleigh_Z": 3.454232692718506,
      "c_rayleigh_p": 0.0314558781683445,
      "h_rayleigh_R_mean": 0.3715567189719877,
      "h_rayleigh_R_std": 0.16763972668965016,
      "h_rayleigh_R_min": 0.022460777312517166,
      "h_rayleigh_R_max": 0.8309928178787231,
      "delta_rayleigh_R": 0.37421866407996807,
      "delta_rayleigh_Z": 35.85013978772377,
      "delta_rayleigh_p": 1.1477955367691943e-16,
      "delta_circular_mean": -3.087009841639233,
      "delta_circular_std": 1.4020805890541308,
      "alignment_cos_mean": -0.373661347028019,
      "alignment_cos_std": 0.6285731529730493,
      "alignment_cos_median": -0.5982795655727386,
      "frac_aligned": 0.23828125
    }
  },
  "attention": {
    "layer_0": {
      "layer": 0,
      "heads": {
        "head_0": {
          "re_mean": 0.1759990155696869,
          "re_std": 0.7622924447059631,
          "re_min": -1.4551209211349487,
          "re_max": 3.019148349761963,
          "im_mean": -0.019017282873392105,
          "im_std": 0.7551002502441406,
          "im_min": -2.4396815299987793,
          "im_max": 1.9941903352737427,
          "frac_rotation_gt_pi4": 0.20118293762207032,
          "frac_rotation_gt_pi2": 0.0497100830078125,
          "frac_rotation_gt_pi": 0.006026649475097656,
          "frac_re_negative": 0.4155582427978516
        },
        "head_1": {
          "re_mean": 0.47890836000442505,
          "re_std": 1.0097155570983887,
          "re_min": -1.815211534500122,
          "re_max": 4.0476555824279785,
          "im_mean": -0.058353014290332794,
          "im_std": 1.0760064125061035,
          "im_min": -3.341588020324707,
          "im_max": 2.814284563064575,
          "frac_rotation_gt_pi4": 0.34173336029052737,
          "frac_rotation_gt_pi2": 0.11962051391601562,
          "frac_rotation_gt_pi": 0.01966514587402344,
          "frac_re_negative": 0.28966331481933594
        },
        "head_2": {
          "re_mean": 0.06867635250091553,
          "re_std": 0.6634141802787781,
          "re_min": -1.5527586936950684,
          "re_max": 2.6050703525543213,
          "im_mean": -0.038922689855098724,
          "im_std": 0.6214030981063843,
          "im_min": -1.4127029180526733,
          "im_max": 2.0841028690338135,
          "frac_rotation_gt_pi4": 0.14279212951660156,
          "frac_rotation_gt_pi2": 0.033989906311035156,
          "frac_rotation_gt_pi": 0.0014478683471679688,
          "frac_re_negative": 0.44837417602539065
        },
        "head_3": {
          "re_mean": 0.27778369188308716,
          "re_std": 0.9368944764137268,
          "re_min": -1.506819486618042,
          "re_max": 3.817479133605957,
          "im_mean": 0.05023130029439926,
          "im_std": 0.9992316365242004,
          "im_min": -2.492806911468506,
          "im_max": 3.4144599437713623,
          "frac_rotation_gt_pi4": 0.2942962646484375,
          "frac_rotation_gt_pi2": 0.09010066986083984,
          "frac_rotation_gt_pi": 0.016475677490234375,
          "frac_re_negative": 0.40270061492919923
        }
      }
    },
    "layer_1": {
      "layer": 1,
      "heads": {
        "head_0": {
          "re_mean": -3.15492582321167,
          "re_std": 2.203580856323242,
          "re_min": -8.689006805419922,
          "re_max": 2.2112889289855957,
          "im_mean": 0.06164153665304184,
          "im_std": 2.1429615020751953,
          "im_min": -4.56367826461792,
          "im_max": 4.483646869659424,
          "frac_rotation_gt_pi4": 0.7654539108276367,
          "frac_rotation_gt_pi2": 0.5209028244018554,
          "frac_rotation_gt_pi": 0.14051151275634766,
          "frac_re_negative": 0.9162788391113281
        },
        "head_1": {
          "re_mean": -0.8451294898986816,
          "re_std": 1.746305227279663,
          "re_min": -5.159362316131592,
          "re_max": 3.7334752082824707,
          "im_mean": -0.31103086471557617,
          "im_std": 1.757483959197998,
          "im_min": -4.4099836349487305,
          "im_max": 3.37637996673584,
          "frac_rotation_gt_pi4": 0.7101783752441406,
          "frac_rotation_gt_pi2": 0.39630718231201173,
          "frac_rotation_gt_pi": 0.06836414337158203,
          "frac_re_negative": 0.7352544784545898
        },
        "head_2": {
          "re_mean": -1.9290797710418701,
          "re_std": 2.0175364017486572,
          "re_min": -6.562143802642822,
          "re_max": 2.8574702739715576,
          "im_mean": -0.05459574609994888,
          "im_std": 2.0588200092315674,
          "im_min": -4.296968936920166,
          "im_max": 3.9341018199920654,
          "frac_rotation_gt_pi4": 0.799222183227539,
          "frac_rotation_gt_pi2": 0.5463970184326172,
          "frac_rotation_gt_pi": 0.10586833953857422,
          "frac_re_negative": 0.8397476196289062
        },
        "head_3": {
          "re_mean": -2.6901278495788574,
          "re_std": 1.868115782737732,
          "re_min": -7.08616828918457,
          "re_max": 1.9150331020355225,
          "im_mean": -0.6301769614219666,
          "im_std": 1.9641352891921997,
          "im_min": -4.697117328643799,
          "im_max": 3.439056634902954,
          "frac_rotation_gt_pi4": 0.7579391479492188,
          "frac_rotation_gt_pi2": 0.5086397171020508,
          "frac_rotation_gt_pi": 0.12174949645996094,
          "frac_re_negative": 0.9106986999511719
        }
      }
    },
    "layer_2": {
      "layer": 2,
      "heads": {
        "head_0": {
          "re_mean": 0.003256837371736765,
          "re_std": 1.4235272407531738,
          "re_min": -3.125995397567749,
          "re_max": 3.654501438140869,
          "im_mean": -0.24454085528850555,
          "im_std": 1.4413286447525024,
          "im_min": -3.4496946334838867,
          "im_max": 2.8159914016723633,
          "frac_rotation_gt_pi4": 0.628597640991211,
          "frac_rotation_gt_pi2": 0.2995292663574219,
          "frac_rotation_gt_pi": 0.023900604248046874,
          "frac_re_negative": 0.5213888168334961
        },
        "head_1": {
          "re_mean": -0.36062803864479065,
          "re_std": 1.4540029764175415,
          "re_min": -4.122304916381836,
          "re_max": 3.200216293334961,