{
  "A": {
    "name": "A_v64_d64",
    "loss_mode": "boltzmann",
    "vocab_size": 64,
    "d_model": 64,
    "vocab_d_ratio": 1.0,
    "best_train_acc": 0.92,
    "final_test_acc": 0.8597397660946701,
    "final_test_std": 0.041239573607330306,
    "ring_nn_consistency": 0.015625,
    "phase_linearity_max": 0.0,
    "high_linearity_dims": 0,
    "tda_h1_count": -1,
    "tda_dominant": -1,
    "tda_dominance_ratio": -1,
    "training_time_sec": 59.5,
    "final_tau": 4.8775482177734375,
    "final_p_target_mean": 0.9824056625366211,
    "final_negative_margin_ratio": 0.0
  },
  "B": {
    "name": "B_v256_d64",
    "loss_mode": "boltzmann",
    "vocab_size": 256,
    "d_model": 64,
    "vocab_d_ratio": 4.0,
    "best_train_acc": 0.9387755102040817,
    "final_test_acc": 0.9027358153326313,
    "final_test_std": 0.02983643703507062,
    "ring_nn_consistency": 0.4375,
    "phase_linearity_max": 0.11382691065470374,
    "high_linearity_dims": 0,
    "tda_h1_count": -1,
    "tda_dominant": -1,
    "tda_dominance_ratio": -1,
    "training_time_sec": 132.3,
    "final_tau": 10.789016723632812,
    "final_p_target_mean": 0.9466718435287476,
    "final_negative_margin_ratio": 0.01075268816202879
  },
  "C": {
    "name": "C_v512_d32",
    "loss_mode": "boltzmann",
    "vocab_size": 512,
    "d_model": 32,
    "vocab_d_ratio": 16.0,
    "best_train_acc": 0.3125,
    "final_test_acc": 0.22347215123489278,
    "final_test_std": 0.022901240729339238,
    "ring_nn_consistency": 0.029296875,
    "phase_linearity_max": 0.0,
    "high_linearity_dims": 0,
    "tda_h1_count": -1,
    "tda_dominant": -1,
    "tda_dominance_ratio": -1,
    "training_time_sec": 205.9,
    "final_tau": 12.03073787689209,
    "final_p_target_mean": 0.13405682146549225,
    "final_negative_margin_ratio": 0.3229166865348816
  },
  "D": {
    "name": "D_v1024_d32",
    "loss_mode": "boltzmann",
    "vocab_size": 1024,
    "d_model": 32,
    "vocab_d_ratio": 32.0,
    "best_train_acc": 0.22,
    "final_test_acc": 0.13947454523553454,
    "final_test_std": 0.017856531727068345,
    "ring_nn_consistency": 0.0625,
    "phase_linearity_max": 0.0,
    "high_linearity_dims": 0,
    "tda_h1_count": -1,
    "tda_dominant": -1,
    "tda_dominance_ratio": -1,
    "training_time_sec": 308.7,
    "final_tau": 13.061631202697754,
    "final_p_target_mean": 0.05568184703588486,
    "final_negative_margin_ratio": 0.4371859133243561
  },
  "E": {
    "name": "E_v1024_d16",
    "loss_mode": "boltzmann",
    "vocab_size": 1024,
    "d_model": 16,
    "vocab_d_ratio": 64.0,
    "best_train_acc": 0.1323529411764706,
    "final_test_acc": 0.10015635710928969,
    "final_test_std": 0.016879149347817438,
    "ring_nn_consistency": 0.0654296875,
    "phase_linearity_max": 0.10549187660217285,
    "high_linearity_dims": 0,
    "tda_h1_count": -1,
    "tda_dominant": -1,
    "tda_dominance_ratio": -1,
    "training_time_sec": 282.0,
    "final_tau": 9.200263023376465,
    "final_p_target_mean": 0.01523513626307249,
    "final_negative_margin_ratio": 0.7598039507865906
  }
}