{
  "alignment": {
    "layer_0": {
      "layer": 0,
      "M": 256,
      "num_tokens": 204800,
      "c_rayleigh_R": 0.054650694131851196,
      "c_rayleigh_Z": 0.7645947933197021,
      "c_rayleigh_p": 0.4659525752067566,
      "h_rayleigh_R_mean": 0.41356739023467526,
      "h_rayleigh_R_std": 0.16510447386383978,
      "h_rayleigh_R_min": 0.039979301393032074,
      "h_rayleigh_R_max": 0.7482619285583496,
      "delta_rayleigh_R": 0.28004877931809163,
      "delta_rayleigh_Z": 20.077393612173616,
      "delta_rayleigh_p": 1.3224719598270007e-09,
      "delta_circular_mean": -3.0678876772766746,
      "delta_circular_std": 1.5954883134236255,
      "alignment_cos_mean": -0.2792884513728495,
      "alignment_cos_std": 0.6957288883598419,
      "alignment_cos_median": -0.5294685363769531,
      "frac_aligned": 0.34375
    },
    "layer_1": {
      "layer": 1,
      "M": 256,
      "num_tokens": 204800,
      "c_rayleigh_R": 0.07688860595226288,
      "c_rayleigh_Z": 1.5134356021881104,
      "c_rayleigh_p": 0.22031119465827942,
      "h_rayleigh_R_mean": 0.5094848732842365,
      "h_rayleigh_R_std": 0.20691512027261383,
      "h_rayleigh_R_min": 0.05518282949924469,
      "h_rayleigh_R_max": 0.9115339517593384,
      "delta_rayleigh_R": 0.5296285528301441,
      "delta_rayleigh_Z": 71.8096394170759,
      "delta_rayleigh_p": 4.769885486583629e-31,
      "delta_circular_mean": 3.113861614572824,
      "delta_circular_std": 1.1274567502644561,
      "alignment_cos_mean": -0.5294249188282265,
      "alignment_cos_std": 0.5663727645347207,
      "alignment_cos_median": -0.8070572316646576,
      "frac_aligned": 0.1796875
    },
    "layer_2": {
      "layer": 2,
      "M": 256,
      "num_tokens": 204800,
      "c_rayleigh_R": 0.021452032029628754,
      "c_rayleigh_Z": 0.11780855804681778,
      "c_rayleigh_p": 0.8890586495399475,
      "h_rayleigh_R_mean": 0.46958071886911057,
      "h_rayleigh_R_std": 0.18360618774626142,
      "h_rayleigh_R_min": 0.059385426342487335,
      "h_rayleigh_R_max": 0.8943279981613159,
      "delta_rayleigh_R": 0.4980944815442278,
      "delta_rayleigh_Z": 63.51311681147215,
      "delta_rayleigh_p": 1.0283793346336337e-27,
      "delta_circular_mean": 2.9818470628704272,
      "delta_circular_std": 1.1806485488713914,
      "alignment_cos_mean": -0.49175263332108443,
      "alignment_cos_std": 0.5806485144170369,
      "alignment_cos_median": -0.7609137296676636,
      "frac_aligned": 0.203125
    }
  },
  "attention": {
    "layer_0": {
      "layer": 0,
      "heads": {
        "head_0": {
          "re_mean": 0.5033378005027771,
          "re_std": 1.3561840057373047,
          "re_min": -2.0356030464172363,
          "re_max": 5.674054145812988,
          "im_mean": -0.06976048648357391,
          "im_std": 1.1754564046859741,
          "im_min": -3.5192363262176514,
          "im_max": 3.718911647796631,
          "frac_rotation_gt_pi4": 0.36758975982666015,
          "frac_rotation_gt_pi2": 0.124114990234375,
          "frac_rotation_gt_pi": 0.03540306091308594,
          "frac_re_negative": 0.38536376953125
        },
        "head_1": {
          "re_mean": 0.2022879421710968,
          "re_std": 0.837992250919342,
          "re_min": -1.5316991806030273,
          "re_max": 3.908780574798584,
          "im_mean": -0.013669436797499657,
          "im_std": 0.8485569357872009,
          "im_min": -2.4762396812438965,
          "im_max": 2.4730472564697266,
          "frac_rotation_gt_pi4": 0.2500299453735352,
          "frac_rotation_gt_pi2": 0.080029296875,
          "frac_rotation_gt_pi": 0.0035411834716796873,
          "frac_re_negative": 0.41107730865478515
        },
        "head_2": {
          "re_mean": 0.3815482556819916,
          "re_std": 1.1845909357070923,
          "re_min": -2.4432766437530518,
          "re_max": 5.346672534942627,
          "im_mean": 0.022244136780500412,
          "im_std": 1.2331113815307617,
          "im_min": -3.7452664375305176,
          "im_max": 3.433091878890991,
          "frac_rotation_gt_pi4": 0.39172897338867185,
          "frac_rotation_gt_pi2": 0.13458786010742188,
          "frac_rotation_gt_pi": 0.029175758361816406,
          "frac_re_negative": 0.36150283813476564
        },
        "head_3": {
          "re_mean": 0.49838986992836,
          "re_std": 1.1775009632110596,
          "re_min": -1.804980993270874,
          "re_max": 5.518687725067139,
          "im_mean": -0.015802104026079178,
          "im_std": 1.15300714969635,
          "im_min": -2.817650079727173,
          "im_max": 3.949422836303711,
          "frac_rotation_gt_pi4": 0.3968158721923828,
          "frac_rotation_gt_pi2": 0.11934223175048828,
          "frac_rotation_gt_pi": 0.03074474334716797,
          "frac_re_negative": 0.33332233428955077
        }
      }
    },
    "layer_1": {
      "layer": 1,
      "heads": {
        "head_0": {
          "re_mean": 0.1890489161014557,
          "re_std": 2.0179882049560547,
          "re_min": -4.483960151672363,
          "re_max": 5.887946605682373,
          "im_mean": -0.8600723147392273,
          "im_std": 2.0748445987701416,
          "im_min": -5.3455376625061035,
          "im_max": 3.4888429641723633,
          "frac_rotation_gt_pi4": 0.7357931137084961,
          "frac_rotation_gt_pi2": 0.4978954315185547,
          "frac_rotation_gt_pi": 0.17150516510009767,
          "frac_re_negative": 0.4749773025512695
        },
        "head_1": {
          "re_mean": -0.40857115387916565,
          "re_std": 1.8362343311309814,
          "re_min": -5.010099411010742,
          "re_max": 4.336310386657715,
          "im_mean": -0.07640784233808517,
          "im_std": 1.7793197631835938,
          "im_min": -4.4629669189453125,
          "im_max": 4.411293029785156,
          "frac_rotation_gt_pi4": 0.6360376358032227,
          "frac_rotation_gt_pi2": 0.3450618743896484,
          "frac_rotation_gt_pi": 0.08357105255126954,
          "frac_re_negative": 0.5817316055297852
        },
        "head_2": {
          "re_mean": -0.43684059381484985,
          "re_std": 1.6177538633346558,
          "re_min": -4.176957130432129,
          "re_max": 3.338348865509033,
          "im_mean": 0.7863548398017883,
          "im_std": 1.6596204042434692,
          "im_min": -2.4562666416168213,
          "im_max": 4.5273213386535645,
          "frac_rotation_gt_pi4": 0.6827857971191407,
          "frac_rotation_gt_pi2": 0.4036684036254883,
          "frac_rotation_gt_pi": 0.08543033599853515,
          "frac_re_negative": 0.6359111785888671
        },
        "head_3": {
          "re_mean": 0.17527712881565094,
          "re_std": 1.5329108238220215,
          "re_min": -3.412095308303833,
          "re_max": 4.574167251586914,
          "im_mean": 0.0067125908099114895,
          "im_std": 1.642804741859436,
          "im_min": -3.852367401123047,
          "im_max": 3.5702109336853027,
          "frac_rotation_gt_pi4": 0.6499645233154296,
          "frac_rotation_gt_pi2": 0.3538320541381836,
          "frac_rotation_gt_pi": 0.05132846832275391,
          "frac_re_negative": 0.4555999755859375
        }
      }
    },
    "layer_2": {
      "layer": 2,
      "heads": {
        "head_0": {
          "re_mean": -2.342247486114502,
          "re_std": 2.073692798614502,
          "re_min": -6.939154148101807,
          "re_max": 2.40389347076416,
          "im_mean": 0.24459144473075867,
          "im_std": 2.153087615966797,
          "im_min": -4.419095516204834,
          "im_max": 4.8833327293396,
          "frac_rotation_gt_pi4": 0.7381044387817383,
          "frac_rotation_gt_pi2": 0.5062116622924805,
          "frac_rotation_gt_pi": 0.1514585494995117,
          "frac_re_negative": 0.8687820434570312
        },
        "head_1": {
          "re_mean": 0.011881152167916298,
          "re_std": 1.2164310216903687,
          "re_min": -2.740875482559204,
          "re_max": 3.070366859436035,
          "im_mean": 0.15429989993572235,